Workbook

Sheet 문제목록
A1: ID | B1: 학년도 | C1: 갈래 | D1: 시험·번호 | E1: 주제 | F1: 제목 | G1: 태그 | H1: 난이도(★) | I1: 학생용 | J1: 교사용 | K1: 원문 PDF
A2: PTE-2026-A-01 | B2: 2026 | C2: 내용학 | D2: 2026 1차 전공A 1번 | E2: 전자기학 | F2: 두께 2d인 도체판의 불균일 부피 전류 — 판 안과 밖의 자기장 | G2: 3.2.2.2 비오-사바르 법칙과 앙페르 법칙 · 전류의 자기장 | H2: 2 | I2: 학생용 | J2: 교사용 | K2: 원문
A3: PTE-2026-A-02 | B3: 2026 | C3: 내용학 | D3: 2026 1차 전공A 2번 | E3: 현대물리학 | F3: 2준위계 해밀토니언 — 고윳값 차이와 바닥상태 계수 | G3: 5.2.1.3 슈뢰딩거 방정식과 파동함수 · 양자 상태 · 에너지 준위 | H3: 2 | I3: 학생용 | J3: 교사용 | K3: 원문
A4: PTE-2026-A-03 | B4: 2026 | C4: 내용학 | D4: 2026 1차 전공A 3번 | E4: 역학 | F4: 회전하는 원통 위 물체가 얇은 원판으로 퍼짐 — 관성 모멘트 비와 운동 에너지 비 | G4: 1.3.1.3 각운동량 보존과 롤링 운동 · 1.3.1.2 관성모멘트와 회전운동에너지 · 각운동량 보존 · 회전 | H4: 1 | I4: 학생용 | J4: 교사용 | K4: 원문
A5: PTE-2026-A-04 | B5: 2026 | C5: 내용학 | D5: 2026 1차 전공A 4번 | E5: 현대물리학 | F5: 알파 붕괴의 터널링 — 단위 시간당 장벽 충돌 횟수와 투과 확률 | G5: 5.2.2.4 핵분열, 핵융합 및 방사성 붕괴 · 5.2.1.3 슈뢰딩거 방정식과 파동함수 · 터널 효과 · 방사성 붕괴 | H5: 1 | I5: 학생용 | J5: 교사용 | K5: 원문
A6: PTE-2026-A-08 | B6: 2026 | C6: 내용학 | D6: 2026 1차 전공A 8번 | E6: 역학 | F6: 위로 던진 A와 아래로 던진 B — 최고점까지 B의 이동 거리, 바닥 속력, 속력 조건의 높이 | G6: 1.1.1.2 등가속도 직선운동 및 자유낙하 · 등가속도 운동 · 연직 운동 | H6: 1 | I6: 학생용 | J6: 교사용 | K6: 원문
A7: PTE-2026-A-09 | B7: 2026 | C7: 내용학 | D7: 2026 1차 전공A 9번 | E7: 전자기학 | F7: 진동하는 전기 쌍극자의 복사 — 먼 곳의 자기장과 포인팅 벡터의 시간 평균 | G7: 3.2.2.5 맥스웰 방정식과 전자기파 · 전자기파 · 안테나 | H7: 2 | I7: 학생용 | J7: 교사용 | K7: 원문
A8: PTE-2026-A-10 | B8: 2026 | C8: 내용학 | D8: 2026 1차 전공A 10번 | E8: 열역학 및 통계물리 | F8: 단열 피스톤으로 나뉜 세 기체 — 가운데 기체의 부피·압력과 가한 열의 합 | G8: 2.2.2.1 열역학 제1법칙과 열역학적 과정 · 2.2.1.1 이상기체 방정식 · 이상기체 · 열역학 제1법칙 | H8: 3 | I8: 학생용 | J8: 교사용 | K8: 원문
A9: PTE-2026-A-11 | B9: 2026 | C9: 내용학 | D9: 2026 1차 전공A 11번 | E9: 역학 | F9: 감쇠 없는 강제 진동 — 초기 조건을 만족하는 해와 특정 시각의 위치·속도 | G9: 1.4.1.3 연성 진동, 감쇠·강제 진동과 공명 · 1.4.1.1 단진동 (용수철 진자) · 단진동 · 강제 진동 | H9: 2 | I9: 학생용 | J9: 교사용 | K9: 원문
A10: PTE-2026-A-12 | B10: 2026 | C10: 내용학 | D10: 2026 1차 전공A 12번 | E10: 현대물리학 | F10: 전기장 속 조화 진동자 — 1차 섭동 상태, ⟨0|H′|0′⟩, 위치 기댓값 | G10: 5.2.1.3 슈뢰딩거 방정식과 파동함수 · 양자 진동자 | H10: 3 | I10: 학생용 | J10: 교사용 | K10: 원문
A11: PTE-2026-B-01 | B11: 2026 | C11: 내용학 | D11: 2026 1차 전공B 1번 | E11: 열역학 및 통계물리 | F11: 2준위계의 헬름홀츠 자유 에너지와 고온 엔트로피 | G11: 2.2.2.2 열역학 제2법칙과 엔트로피 · 엔트로피 · 온도 | H11: 1 | I11: 학생용 | J11: 교사용 | K11: 원문
A12: PTE-2026-B-02 | B12: 2026 | C12: 내용학 | D12: 2026 1차 전공B 2번 | E12: 파동 및 광학 | F12: 액체 속 이중 슬릿 간섭 — 액체의 굴절률과 dθ/dn | G12: 4.2.2.1 영의 이중슬릿 간섭 실험 · 빛의 간섭 · 굴절률 | H12: 2 | I12: 학생용 | J12: 교사용 | K12: 원문
A13: PTE-2026-B-06 | B13: 2026 | C13: 내용학 | D13: 2026 1차 전공B 6번 | E13: 역학 | F13: 유체 속 양팔저울의 평형 — 실의 장력, B1의 높이, 두 유체 경계에서 B의 밀도 | G13: 1.3.2.2 유체 정역학 (압력, 파스칼, 아르키메데스 원리) · 1.3.2.1 강체의 평형 조건 · 부력 · 힘의 평형 | H13: 3 | I13: 학생용 | J13: 교사용 | K13: 원문
... A516: PTE-2002-05 | B516: 2002 | C516: 물리교육론 | D516: 2002 전공 서술형 5번 | E516: 물리교육론 | F516: 인지 갈등 모형(C1·C2·R1·R2) — 역학 선개념의 개념 변화 수업 | G516: 1.1.2.1 관성계와 제1·2·3법칙 · E3 오개념과 개념 변화 · 관성 · 힘과 운동 | H516: 2 | I516: 학생용 | J516: 교사용 | K516: 원문

Sheet 요약
A1: 임용 물리 기출 문제 목록 — 요약
A2: 아래 숫자는 「문제목록」 시트에서 COUNTIFS 수식으로 자동 계산됩니다. 문제 행을 추가·수정하면 함께 바뀝니다(표 범위는 2~516행).
A4: ① 학년도 × 갈래
B5: 내용학 | C5: 물리교육론 | D5: 객관식 | E5: 합계
A6: 2026 | B6: =COUNTIFS('문제목록'!$B$2:$B$516,$A6,'문제목록'!$C$2:$C$516,B$5) | C6: =COUNTIFS('문제목록'!$B$2:$B$516,$A6,'문제목록'!$C$2:$C$516,C$5) | D6: =COUNTIFS('문제목록'!$B$2:$B$516,$A6,'문제목록'!$C$2:$C$516,D$5) | E6: =SUM(B6:D6)
A7: 2025 | B7: =COUNTIFS('문제목록'!$B$2:$B$516,$A7,'문제목록'!$C$2:$C$516,B$5) | C7: =COUNTIFS('문제목록'!$B$2:$B$516,$A7,'문제목록'!$C$2:$C$516,C$5) | D7: =COUNTIFS('문제목록'!$B$2:$B$516,$A7,'문제목록'!$C$2:$C$516,D$5) | E7: =SUM(B7:D7)
A8: 2024 | B8: =COUNTIFS('문제목록'!$B$2:$B$516,$A8,'문제목록'!$C$2:$C$516,B$5) | C8: =COUNTIFS('문제목록'!$B$2:$B$516,$A8,'문제목록'!$C$2:$C$516,C$5) | D8: =COUNTIFS('문제목록'!$B$2:$B$516,$A8,'문제목록'!$C$2:$C$516,D$5) | E8: =SUM(B8:D8)
A9: 2023 | B9: =COUNTIFS('문제목록'!$B$2:$B$516,$A9,'문제목록'!$C$2:$C$516,B$5) | C9: =COUNTIFS('문제목록'!$B$2:$B$516,$A9,'문제목록'!$C$2:$C$516,C$5) | D9: =COUNTIFS('문제목록'!$B$2:$B$516,$A9,'문제목록'!$C$2:$C$516,D$5) | E9: =SUM(B9:D9)
A10: 2022 | B10: =COUNTIFS('문제목록'!$B$2:$B$516,$A10,'문제목록'!$C$2:$C$516,B$5) | C10: =COUNTIFS('문제목록'!$B$2:$B$516,$A10,'문제목록'!$C$2:$C$516,C$5) | D10: =COUNTIFS('문제목록'!$B$2:$B$516,$A10,'문제목록'!$C$2:$C$516,D$5) | E10: =SUM(B10:D10)
A11: 2021 | B11: =COUNTIFS('문제목록'!$B$2:$B$516,$A11,'문제목록'!$C$2:$C$516,B$5) | C11: =COUNTIFS('문제목록'!$B$2:$B$516,$A11,'문제목록'!$C$2:$C$516,C$5) | D11: =COUNTIFS('문제목록'!$B$2:$B$516,$A11,'문제목록'!$C$2:$C$516,D$5) | E11: =SUM(B11:D11)
A12: 2020 | B12: =COUNTIFS('문제목록'!$B$2:$B$516,$A12,'문제목록'!$C$2:$C$516,B$5) | C12: =COUNTIFS('문제목록'!$B$2:$B$516,$A12,'문제목록'!$C$2:$C$516,C$5) | D12: =COUNTIFS('문제목록'!$B$2:$B$516,$A12,'문제목록'!$C$2:$C$516,D$5) | E12: =SUM(B12:D12)
A13: 2019 | B13: =COUNTIFS('문제목록'!$B$2:$B$516,$A13,'문제목록'!$C$2:$C$516,B$5) | C13: =COUNTIFS('문제목록'!$B$2:$B$516,$A13,'문제목록'!$C$2:$C$516,C$5) | D13: =COUNTIFS('문제목록'!$B$2:$B$516,$A13,'문제목록'!$C$2:$C$516,D$5) | E13: =SUM(B13:D13)
A14: 2018 | B14: =COUNTIFS('문제목록'!$B$2:$B$516,$A14,'문제목록'!$C$2:$C$516,B$5) | C14: =COUNTIFS('문제목록'!$B$2:$B$516,$A14,'문제목록'!$C$2:$C$516,C$5) | D14: =COUNTIFS('문제목록'!$B$2:$B$516,$A14,'문제목록'!$C$2:$C$516,D$5) | E14: =SUM(B14:D14)
A15: 2017 | B15: =COUNTIFS('문제목록'!$B$2:$B$516,$A15,'문제목록'!$C$2:$C$516,B$5) | C15: =COUNTIFS('문제목록'!$B$2:$B$516,$A15,'문제목록'!$C$2:$C$516,C$5) | D15: =COUNTIFS('문제목록'!$B$2:$B$516,$A15,'문제목록'!$C$2:$C$516,D$5) | E15: =SUM(B15:D15)
A16: 2016 | B16: =COUNTIFS('문제목록'!$B$2:$B$516,$A16,'문제목록'!$C$2:$C$516,B$5) | C16: =COUNTIFS('문제목록'!$B$2:$B$516,$A16,'문제목록'!$C$2:$C$516,C$5) | D16: =COUNTIFS('문제목록'!$B$2:$B$516,$A16,'문제목록'!$C$2:$C$516,D$5) | E16: =SUM(B16:D16)
A17: 2015 | B17: =COUNTIFS('문제목록'!$B$2:$B$516,$A17,'문제목록'!$C$2:$C$516,B$5) | C17: =COUNTIFS('문제목록'!$B$2:$B$516,$A17,'문제목록'!$C$2:$C$516,C$5) | D17: =COUNTIFS('문제목록'!$B$2:$B$516,$A17,'문제목록'!$C$2:$C$516,D$5) | E17: =SUM(B17:D17)
... A30: 2002 | B30: =COUNTIFS('문제목록'!$B$2:$B$516,$A30,'문제목록'!$C$2:$C$516,B$5) | C30: =COUNTIFS('문제목록'!$B$2:$B$516,$A30,'문제목록'!$C$2:$C$516,C$5) | D30: =COUNTIFS('문제목록'!$B$2:$B$516,$A30,'문제목록'!$C$2:$C$516,D$5) | E30: =SUM(B30:D30)
A31: 합계 | B31: =SUM(B6:B30) | C31: =SUM(C6:C30) | D31: =SUM(D6:D30) | E31: =SUM(E6:E30)
A34: ② 주제 × 갈래
B35: 내용학 | C35: 물리교육론 | D35: 객관식 | E35: 합계
A36: 물리교육론 | B36: =COUNTIFS('문제목록'!$E$2:$E$516,$A36,'문제목록'!$C$2:$C$516,B$35) | C36: =COUNTIFS('문제목록'!$E$2:$E$516,$A36,'문제목록'!$C$2:$C$516,C$35) | D36: =COUNTIFS('문제목록'!$E$2:$E$516,$A36,'문제목록'!$C$2:$C$516,D$35) | E36: =SUM(B36:D36)
A37: 역학 | B37: =COUNTIFS('문제목록'!$E$2:$E$516,$A37,'문제목록'!$C$2:$C$516,B$35) | C37: =COUNTIFS('문제목록'!$E$2:$E$516,$A37,'문제목록'!$C$2:$C$516,C$35) | D37: =COUNTIFS('문제목록'!$E$2:$E$516,$A37,'문제목록'!$C$2:$C$516,D$35) | E37: =SUM(B37:D37)
A38: 열역학 및 통계물리 | B38: =COUNTIFS('문제목록'!$E$2:$E$516,$A38,'문제목록'!$C$2:$C$516,B$35) | C38: =COUNTIFS('문제목록'!$E$2:$E$516,$A38,'문제목록'!$C$2:$C$516,C$35) | D38: =COUNTIFS('문제목록'!$E$2:$E$516,$A38,'문제목록'!$C$2:$C$516,D$35) | E38: =SUM(B38:D38)
A39: 전자기학 | B39: =COUNTIFS('문제목록'!$E$2:$E$516,$A39,'문제목록'!$C$2:$C$516,B$35) | C39: =COUNTIFS('문제목록'!$E$2:$E$516,$A39,'문제목록'!$C$2:$C$516,C$35) | D39: =COUNTIFS('문제목록'!$E$2:$E$516,$A39,'문제목록'!$C$2:$C$516,D$35) | E39: =SUM(B39:D39)
A40: 파동 및 광학 | B40: =COUNTIFS('문제목록'!$E$2:$E$516,$A40,'문제목록'!$C$2:$C$516,B$35) | C40: =COUNTIFS('문제목록'!$E$2:$E$516,$A40,'문제목록'!$C$2:$C$516,C$35) | D40: =COUNTIFS('문제목록'!$E$2:$E$516,$A40,'문제목록'!$C$2:$C$516,D$35) | E40: =SUM(B40:D40)
A41: 현대물리학 | B41: =COUNTIFS('문제목록'!$E$2:$E$516,$A41,'문제목록'!$C$2:$C$516,B$35) | C41: =COUNTIFS('문제목록'!$E$2:$E$516,$A41,'문제목록'!$C$2:$C$516,C$35) | D41: =COUNTIFS('문제목록'!$E$2:$E$516,$A41,'문제목록'!$C$2:$C$516,D$35) | E41: =SUM(B41:D41)
A42: 합계 | B42: =SUM(B36:B41) | C42: =SUM(C36:C41) | D42: =SUM(D36:D41) | E42: =SUM(E36:E41)
A44: ※ 학습지·원문 링크는 이 파일과 같은 폴더(임용고시_준비자료)에서 열 때 작동합니다. 파일을 옮기면 폴더 전체를 함께 옮기세요.
